Item,Prices
Cereals and bakery products,
"Flour, white, all purpose, per lb. (453.6 gm)",
"Rice, white, long grain, uncooked, per lb. (453.6 gm)",
"Spaghetti and macaroni, per lb. (453.6 gm)",
"Bread, white, pan, per lb. (453.6 gm)",1.974
"Bread, whole wheat, pan, per lb. (453.6 gm)",
"Cookies, chocolate chip, per lb. (453.6 gm)",
,
"Meats, poultry, fish and eggs",
Beef and veal,
"Ground chuck, 100% beef, per lb. (453.6 gm)",
"Ground beef, 100% beef, per lb. (453.6 gm)",5.706
"Ground beef, lean and extra lean, per lb. (453.6 gm)",
"All uncooked ground beef, per lb. (453.6 gm)",5.836
"Chuck roast, graded and ungraded, excluding USDA Prime and Choice, per lb. (453.6 gm)",
"Chuck roast, USDA Choice, boneless, per lb. (453.6 gm)",
"Round roast, USDA Choice, boneless, per lb. (453.6 gm)",6.38
"Round roast, graded and ungraded, excluding USDA Prime and Choice, per lb. (453.6 gm)",
"All Uncooked Beef Roasts, per lb. (453.6 gm)",7.297
"Steak, round, USDA Choice, boneless, per lb. (453.6 gm)",
"Steak, round, graded and ungraded, excluding USDA Prime and Choice, per lb. (453.6 gm)",
"Steak, sirloin, graded and ungraded, excluding USDA Prime and Choice, per lb. (453.6 gm)",
"Steak, sirloin, USDA Choice, boneless, per lb. (453.6 gm)",
"Beef for stew, boneless, per lb. (453.6 gm)",
"All Uncooked Beef Steaks, per lb. (453.6 gm)",10.329
"All Uncooked Other Beef (Excluding Veal), per lb. (453.6 gm)",7.073
Pork,
"Bacon, sliced, per lb. (453.6 gm)",7.693
"Chops, center cut, bone-in, per lb. (453.6 gm)",
"Chops, boneless, per lb. (453.6 gm)",4.038
"All Pork Chops, per lb. (453.6 gm)",3.945
"Ham, rump or shank half, bone-in, smoked, per lb. (453.6 gm)",
"Ham, boneless, excluding canned, per lb. (453.6 gm)",5.667
"All Ham (Excluding Canned Ham and Luncheon Slices), per lb. (453.6 gm)",4.18
"All Other Pork (Excluding Canned Ham and Luncheon Slices), per lb. (453.6 gm)",4.195
Other meats,
"Bologna, all beef or mixed, per lb. (453.6 gm)",
Poultry,
"Chicken, fresh, whole, per lb. (453.6 gm)",2.17
"Chicken breast, bone-in, per lb. (453.6 gm)",
"Chicken breast, boneless, per lb. (453.6 gm)",3.819
"Chicken legs, bone-in, per lb. (453.6 gm)",
"Turkey, frozen, whole, per lb. (453.6 gm)",
Eggs,
"Eggs, grade A, large, per doz.",4.111
,
Dairy products,
"Milk, fresh, whole, fortified, per gal. (3.8 lit)",4.443
"Butter, salted, grade AA, stick, per lb. (453.6 gm)",
"American processed cheese, per lb. (453.6 gm)",5.191
"Cheddar cheese, natural, per lb. (453.6 gm)",6.57
"Ice cream, prepackaged, bulk, regular, per 1/2 gal. (1.9 lit)",
,
Fruits and vegetables,
Fresh fruits and vegetables,
"Apples, Red Delicious, per lb. (453.6 gm)",
"Bananas, per lb. (453.6 gm)",0.631
"Oranges, Navel, per lb. (453.6 gm)",1.753
"Oranges, Valencia, per lb. (453.6 gm)",
"Cherries, per lb. (453.6 gm)",
"Grapefruit, per lb. (453.6 gm)",
"Grapes, Thompson Seedless, per lb. (453.6 gm)",
"Lemons, per lb. (453.6 gm)",
"Peaches, per lb. (453.6 gm)",
"Pears, Anjou, per lb. (453.6 gm)",
"Strawberries, dry pint, per 12 oz. (340.2 gm)",
"Potatoes, white, per lb. (453.6 gm)",1.043
"Lettuce, iceberg, per lb. (453.6 gm)",
"Lettuce, romaine, per lb. (453.6 gm)",
"Tomatoes, field grown, per lb. (453.6 gm)",2.293
"Broccoli, per lb. (453.6 gm)",
"Cabbage, per lb. (453.6 gm)",
"Carrots, short trimmed and topped, per lb. (453.6 gm)",
"Celery, per lb. (453.6 gm)",
"Peppers, sweet, per lb. (453.6 gm)",
Processed fruits and vegetables,
"Orange juice, frozen concentrate, 12 oz. can, per 16 oz. (473.2 ml)",
"Beans, dried, any type, all sizes, per lb. (453.6 gm)",
,
Other foods at home,
Sugar and sweets,
"Sugar, white, all sizes, per lb. (453.6 gm)",
"Sugar, white, 33-80 oz. pkg, per lb. (453.6 gm)",
Fats and oils,
"Margarine, stick, per lb. (453.6 gm)",
"Margarine, soft, tubs, per lb. (453.6 gm)",
"Peanut butter, creamy, all sizes, per lb. (453.6 gm)",
Nonalcoholic beverages,
"Cola, nondiet, per 2 liters (67.6 oz)(2)",
"Coffee, 100%, ground roast, all sizes, per lb. (453.6 gm)",
Other prepared foods,
"Potato chips, per 16 oz.",6.037
Alcoholic beverages at home,
"Malt beverages, all types, all sizes, any origin, per 16 oz. (473.2 ml)",2.117
"Wine, red and white table, all sizes, any origin, per 1 liter (33.8 oz)",15.432
,
Energy (residential),
Fuel oil #2 per gallon (3.785 liters),3.364
Utility (piped) gas per therm,1.393
Electricity per KWH,0.235
"Gasoline, all types, per gallon/3.785 liters(3)",3.433
"Gasoline, unleaded regular, per gallon/3.785 liters",3.288
"Gasoline, unleaded midgrade, per gallon/3.785 liters",3.81
"Gasoline, unleaded premium, per gallon/3.785 liters",4.169
"Automotive diesel fuel, per gallon/3.785 liters",3.862